"","x1","x2","Type"
"TCGE-01-0112-32-A",0.24046138484839,5.498918141145,"Blood Cancer"
"TCGE-01-0121-32-A",1.86981317101641,5.12288350542853,"Blood Cancer"
"TCGE-01-0122-32-A",0.312836263870225,3.72914690374207,"Blood Cancer"
"TCGE-01-0123-32-A",0.950193600887486,3.04426100927189,"Blood Cancer"
"TCGE-01-0124-32-A",1.75350371018084,6.25987888351652,"Blood Cancer"
"TCGE-01-0125-32-A",-1.17601926168252,1.26932128981779,"Blood Cancer"
"TCGE-01-0126-32-A",-0.762069634250101,1.62319302232476,"Blood Cancer"
"TCGE-01-0127-32-A",-1.14665615557536,5.65067475285237,"Blood Cancer"
"TCGE-01-0129-32-A",1.06475518444543,4.56013481457092,"Blood Cancer"
"TCGE-01-0130-32-A",3.0699421106196,6.70006814191265,"Blood Cancer"
"TCGE-01-0113-32-A",1.22257135187,3.62613864201603,"Blood Cancer"
"TCGE-01-0131-32-A",-3.09163349646681,1.77069003508459,"Blood Cancer"
"TCGE-01-0132-32-A",-1.70159511652693,3.26082564905097,"Blood Cancer"
"TCGE-01-0133-32-A",-0.103361269960855,3.46107983423734,"Blood Cancer"
"TCGE-01-0134-32-A",-3.61675663491939,1.08508701107145,"Blood Cancer"
"TCGE-01-0135-32-A",1.20529990094287,5.846114912203,"Blood Cancer"
"TCGE-01-0136-32-A",-1.55307378355703,1.69081704869247,"Blood Cancer"
"TCGE-01-0137-32-A",1.78342088035905,4.55326868995243,"Blood Cancer"
"TCGE-01-0138-32-A",-1.23541650155076,1.26353201674346,"Blood Cancer"
"TCGE-01-0139-32-A",1.26800879349215,5.92667308353895,"Blood Cancer"
"TCGE-01-0299-32-A",-2.22518329371963,1.58214350700831,"Blood Cancer"
"TCGE-01-0114-32-A",-3.47702589276691,2.02760312132069,"Blood Cancer"
"TCGE-01-0300-32-A",-4.01731366400095,0.829947959540541,"Blood Cancer"
"TCGE-01-0301-32-A",1.66218009814504,4.10690719451599,"Blood Cancer"
"TCGE-01-0302-32-A",-1.01341547433532,3.7205002076804,"Blood Cancer"
"TCGE-01-0303-32-A",0.414638873567137,4.84669738724894,"Blood Cancer"
"TCGE-01-0304-32-A",-1.20962622334664,1.79901943172415,"Blood Cancer"
"TCGE-01-0305-32-A",0.558518637418772,4.09140634352397,"Blood Cancer"
"TCGE-01-0306-32-A",-3.34560355616545,5.19648277628412,"Blood Cancer"
"TCGE-01-0307-32-A",-0.0204409673714938,2.29042412310147,"Blood Cancer"
"TCGE-01-0308-32-A",3.06550277106963,2.78773635269103,"Blood Cancer"
"TCGE-01-0309-32-A",-4.20142956950306,0.792497703311281,"Blood Cancer"
"TCGE-01-0115-32-A",-2.29791969024607,1.71519172746468,"Blood Cancer"
"TCGE-01-0310-32-A",-1.09440215090041,2.41229321728374,"Blood Cancer"
"TCGE-01-0311-32-A",-0.96240939192266,2.42281437518024,"Blood Cancer"
"TCGE-01-0312-32-A",0.082783378293523,3.02731806930371,"Blood Cancer"
"TCGE-01-0313-32-A",-3.86260003401904,1.17348401509352,"Blood Cancer"
"TCGE-01-0314-32-A",-1.14448293595548,2.6955722967167,"Blood Cancer"
"TCGE-01-0315-32-A",1.9205601547068,3.63600088088877,"Blood Cancer"
"TCGE-01-0316-32-A",-5.2762138624346,5.82176198428529,"Blood Cancer"
"TCGE-01-0317-32-A",5.25541808622052,2.88333964437084,"Blood Cancer"
"TCGE-01-0318-32-A",-3.08864159929044,4.91668083774554,"Blood Cancer"
"TCGE-01-0319-32-A",2.7115055487452,5.41845059326857,"Blood Cancer"
"TCGE-01-0116-32-A",-3.76376807412446,5.92868828512052,"Blood Cancer"
"TCGE-01-0320-32-A",-2.03593443213258,0.756238282852192,"Blood Cancer"
"TCGE-01-0321-32-A",-2.74218213532358,6.34971524773923,"Blood Cancer"
"TCGE-01-0322-32-A",0.968623627273353,5.36977272596543,"Blood Cancer"
"TCGE-01-0323-32-A",-4.24708286565508,1.67293899645592,"Blood Cancer"
"TCGE-01-0325-32-A",-6.04351265512527,0.574408486526932,"Blood Cancer"
"TCGE-01-0326-32-A",0.452553196200048,3.02459850457599,"Blood Cancer"
"TCGE-01-0327-32-A",1.81308994012944,3.35403779888235,"Blood Cancer"
"TCGE-01-0328-32-A",2.82241539718516,4.2240216265974,"Blood Cancer"
"TCGE-01-0117-32-A",-0.95395218144438,1.06846602089166,"Blood Cancer"
"TCGE-01-0332-32-A",-2.35906467354499,2.44378322965249,"Blood Cancer"
"TCGE-01-0333-32-A",1.08253365748661,5.37094763308202,"Blood Cancer"
"TCGE-01-0118-32-A",2.11346364498684,5.53462194172556,"Blood Cancer"
"TCGE-01-0119-32-A",-2.74602174158725,0.915444330691378,"Blood Cancer"
"TCGE-01-0120-32-A",1.08106893196707,-5.83290529379392,"Blood Cancer"
"TCGE-01-0208-30-A",2.44941598169139,7.10449608627208,"Bladder Cancer"
"TCGE-01-0209-30-A",3.83838746151657,7.47562332818084,"Bladder Cancer"
"TCGE-01-0210-30-A",0.505629041264025,7.9535483348038,"Bladder Cancer"
"TCGE-01-0211-30-A",-1.78607431195606,6.78229136176915,"Bladder Cancer"
"TCGE-01-0212-30-A",3.53303062231855,7.62149346015291,"Bladder Cancer"
"TCGE-01-0213-30-A",-4.13747038211514,7.6872999237888,"Bladder Cancer"
"TCGE-01-0214-30-A",-0.913239019901291,7.28120370073222,"Bladder Cancer"
"TCGE-01-0215-30-A",-3.16986525937967,7.53323127883229,"Bladder Cancer"
"TCGE-01-0216-30-A",2.65825079542774,7.85592178963897,"Bladder Cancer"
"TCGE-01-0217-30-A",4.02268921792813,6.0177796146666,"Bladder Cancer"
"TCGE-01-0218-30-A",1.39160166074398,7.12690618594977,"Bladder Cancer"
"TCGE-01-0219-30-A",3.16340948298417,6.07435184873533,"Bladder Cancer"
"TCGE-01-0220-30-A",-1.51792799086789,6.53986592605817,"Bladder Cancer"
"TCGE-01-0221-30-A",1.36079041846689,8.75107957380589,"Bladder Cancer"
"TCGE-01-0222-30-A",-2.18588781615012,6.62121449292862,"Bladder Cancer"
"TCGE-01-0223-30-A",0.226497787815406,8.49609351135314,"Bladder Cancer"
"TCGE-01-0224-30-A",0.243978423592345,7.12550438477262,"Bladder Cancer"
"TCGE-01-0226-30-A",3.4277340113717,6.78858468965206,"Bladder Cancer"
"TCGE-01-0227-30-A",-3.48885142684311,7.3938725922667,"Bladder Cancer"
"TCGE-01-0185-30-A",-5.98357870784364,2.53896994885462,"Breast Cancer"
"TCGE-01-0183-30-A",-3.53698991863063,3.49477066340523,"Breast Cancer"
"TCGE-01-0179-30-A",-5.50284809140133,1.14297297543967,"Breast Cancer"
"TCGE-01-0180-30-A",-2.6683102508017,1.3467436137909,"Breast Cancer"
"TCGE-01-0181-30-A",1.22352308594928,8.04550561650401,"Breast Cancer"
"TCGE-01-0164-30-A",-2.51501865089932,6.46424601982268,"Breast Cancer"
"TCGE-01-0184-30-A",-3.14326746094448,3.71659365938313,"Breast Cancer"
"TCGE-01-0166-30-A",-0.213047729914734,6.69555683533011,"Breast Cancer"
"TCGE-01-0175-30-A",-6.05554174289371,1.20776619659622,"Breast Cancer"
"TCGE-01-0169-30-A",-5.21603270101982,3.08110035261295,"Breast Cancer"
"TCGE-01-0176-30-A",-3.28988508453321,4.56077177243167,"Breast Cancer"
"TCGE-01-0186-30-A",0.736269997869277,7.20720954457106,"Breast Cancer"
"TCGE-01-0170-30-A",2.28926470300167,7.62768390705899,"Breast Cancer"
"TCGE-01-0171-30-A",-3.86191918332827,4.6093057337909,"Breast Cancer"
"TCGE-01-0172-30-A",-0.872882658808689,6.07732767753491,"Breast Cancer"
"TCGE-01-0173-30-A",-6.20606766948559,0.173082663583876,"Breast Cancer"
"TCGE-01-0168-30-A",-2.8290911374091,4.39848621267203,"Breast Cancer"
"TCGE-01-0177-30-A",-0.00498280459120481,7.06570548940017,"Breast Cancer"
"TCGE-01-0187-30-A",-5.18954147033309,4.065795563394,"Breast Cancer"
"TCGE-01-0163-30-A",-5.67575663186378,1.81548127745195,"Breast Cancer"
"TCGE-01-0174-30-A",-5.73321438710558,2.06802712801013,"Breast Cancer"
"TCGE-01-0178-30-A",2.14133461873321,6.39799030618375,"Breast Cancer"
"TCGE-01-0182-30-A",-2.54430285748976,0.090675020637238,"Breast Cancer"
"TCGE-01-0165-30-A",-3.09515798624818,4.48069734257558,"Breast Cancer"
"TCGE-01-0167-30-A",-5.44445640697164,3.95501105010062,"Breast Cancer"
"TCGE-01-0160-30-A",-3.08968246625354,2.70896676789199,"Colorectal Cancer"
"TCGE-01-0146-30-A",-1.22357022458243,3.83907284608288,"Colorectal Cancer"
"TCGE-01-0147-30-A",-5.44828241122095,5.55894803559853,"Colorectal Cancer"
"TCGE-01-0148-30-A",-5.46739938200058,2.45995720128663,"Colorectal Cancer"
"TCGE-01-0149-30-A",-1.68420025799509,4.24281770766594,"Colorectal Cancer"
"TCGE-01-0150-30-A",-3.96255692100581,4.61629391628163,"Colorectal Cancer"
"TCGE-01-0151-30-A",-2.85825300163361,7.44477254472595,"Colorectal Cancer"
"TCGE-01-0152-30-A",-3.24997933076735,3.54187013173069,"Colorectal Cancer"
"TCGE-01-0153-30-A",-1.96508641663984,7.84392924039213,"Colorectal Cancer"
"TCGE-01-0154-30-A",0.959968695994448,6.82159541925518,"Colorectal Cancer"
"TCGE-01-0155-30-A",1.65490029780008,6.69874105634609,"Colorectal Cancer"
"TCGE-01-0161-30-A",1.51207617048044,7.93180897512159,"Colorectal Cancer"
"TCGE-01-0156-30-A",-3.87445163121986,5.60226719691131,"Colorectal Cancer"
"TCGE-01-0157-30-A",-2.46616271250385,6.99147379029999,"Colorectal Cancer"
"TCGE-01-0158-30-A",-1.67152441084432,6.21566433781646,"Colorectal Cancer"
"TCGE-01-0159-30-A",-5.01126206317877,7.22978088005847,"Colorectal Cancer"
"TCGE-01-0162-30-A",-4.62331473169735,4.77257432910311,"Colorectal Cancer"
"TCGE-01-0140-30-A",-0.723345131170239,4.18399453500316,"Colorectal Cancer"
"TCGE-01-0141-30-A",-0.990305357344747,3.96823512156911,"Colorectal Cancer"
"TCGE-01-0142-30-A",-4.70978433561378,0.705871461565066,"Colorectal Cancer"
"TCGE-01-0143-30-A",-2.54860880437575,3.75462051092798,"Colorectal Cancer"
"TCGE-01-0144-30-A",-5.13810311091461,6.94110572860351,"Colorectal Cancer"
"TCGE-01-0145-30-A",-1.87502512933152,3.91447506779847,"Colorectal Cancer"
"TCGE-01-0001-17-A",1.44386068922704,-6.08358484688567,"Normal"
"TCGE-01-0010-17-A",-0.478375680688961,-8.41918664019457,"Normal"
"TCGE-01-0011-17-A",2.81644638086591,-5.19654959771243,"Normal"
"TCGE-01-0012-17-A",1.95269629276019,-4.26428096732475,"Normal"
"TCGE-01-0013-17-A",2.90871451019464,-5.03753378046751,"Normal"
"TCGE-01-0014-17-A",1.33134677634527,-3.85566117136876,"Normal"
"TCGE-01-0015-17-A",-1.02361745445705,-7.11912524045252,"Normal"
"TCGE-01-0016-17-A",4.9002024361516,-4.95528881340031,"Normal"
"TCGE-01-0017-17-A",2.95047733447692,-5.91159773540011,"Normal"
"TCGE-01-0018-17-A",5.1877212532878,-4.55970622122785,"Normal"
"TCGE-01-0019-17-A",2.50464924593918,-7.66225298052895,"Normal"
"TCGE-01-0002-17-A",3.6504860963095,-7.28044808505819,"Normal"
"TCGE-01-0020-17-A",-0.452390269453262,-6.60758970755446,"Normal"
"TCGE-01-0021-17-A",-0.556859271760954,-6.90677059012089,"Normal"
"TCGE-01-0022-17-A",2.10040115580626,-7.22321204143961,"Normal"
"TCGE-01-0023-17-A",3.94447551699592,-6.43643332035468,"Normal"
"TCGE-01-0024-17-A",0.872270706154572,-8.44963515732573,"Normal"
"TCGE-01-0025-17-A",1.77451421902657,-9.18653590609439,"Normal"
"TCGE-01-0026-17-A",2.23631860048524,-8.34873285599324,"Normal"
"TCGE-01-0027-17-A",3.21672297315874,-9.6525725637847,"Normal"
"TCGE-01-0028-17-A",3.49095953463914,-5.85843599956773,"Normal"
"TCGE-01-0029-17-A",2.14537506775189,-6.22721229554406,"Normal"
"TCGE-01-0003-17-A",3.05076368765676,-6.30838473963332,"Normal"
"TCGE-01-0030-17-A",3.23065947305227,-9.36977695361649,"Normal"
"TCGE-01-0031-17-A",0.901042633201652,-7.3797757397987,"Normal"
"TCGE-01-0032-17-A",4.64166845982793,-7.10446156375175,"Normal"
"TCGE-01-0033-17-A",1.53994172170196,-7.12337118784856,"Normal"
"TCGE-01-0034-17-A",2.38909543276269,-4.81954936785512,"Normal"
"TCGE-01-0035-17-A",1.54070755377258,-7.9990890399984,"Normal"
"TCGE-01-0036-17-A",1.0889363598913,-8.26188768717886,"Normal"
"TCGE-01-0037-17-A",4.30256003058859,-4.75899602526095,"Normal"
"TCGE-01-0038-17-A",1.5100467774585,-4.49172641010221,"Normal"
"TCGE-01-0039-17-A",3.1694549685169,-7.39827937594423,"Normal"
"TCGE-01-0004-17-A",1.96618763263776,-4.29586131888486,"Normal"
"TCGE-01-0040-17-A",4.25664938650528,-6.07969349980409,"Normal"
"TCGE-01-0041-17-A",2.29440637565152,-9.48518007766468,"Normal"
"TCGE-01-0042-17-A",1.78286467853882,-5.17623747202415,"Normal"
"TCGE-01-0043-17-A",1.4444898580073,-9.9780020320996,"Normal"
"TCGE-01-0044-17-A",5.52964611344903,-4.85874107539628,"Normal"
"TCGE-01-0045-17-A",0.431097976241942,-5.98379363662323,"Normal"
"TCGE-01-0046-17-A",2.30020295908674,-4.4348739326939,"Normal"
"TCGE-01-0047-17-A",2.92263657806757,-7.79960553584437,"Normal"
"TCGE-01-0048-17-A",1.40188690698539,-7.33375937054075,"Normal"
"TCGE-01-0049-17-A",4.10907817675863,-6.45778879110157,"Normal"
"TCGE-01-0005-17-A",1.36094970670312,-8.93945402318725,"Normal"
"TCGE-01-0050-17-A",3.13514335396655,-8.42729171353152,"Normal"
"TCGE-01-0051-17-A",1.75773525415835,-8.40221500400917,"Normal"
"TCGE-01-0052-17-A",2.82114031678291,-4.04682911687289,"Normal"
"TCGE-01-0053-17-A",0.432431275542413,-6.3312013478966,"Normal"
"TCGE-01-0054-17-A",1.32351114057475,-7.79723535900403,"Normal"
"TCGE-01-0055-17-A",3.05744895188369,-9.92866409953226,"Normal"
"TCGE-01-0056-17-A",0.246098402221961,-5.78894432312036,"Normal"
"TCGE-01-0057-17-A",3.54400316846019,-5.81424447576588,"Normal"
"TCGE-01-0058-17-A",0.405124274913357,-4.44876401070256,"Normal"
"TCGE-01-0059-17-A",0.13967181491469,-7.35314809180596,"Normal"
"TCGE-01-0006-17-A",4.70244159216816,-5.17970279811785,"Normal"
"TCGE-01-0060-17-A",3.60064772898501,-7.08101666767491,"Normal"
"TCGE-01-0061-17-A",0.655651286031025,-7.29685121479686,"Normal"
"TCGE-01-0062-17-A",2.21131764063441,-5.73000875327117,"Normal"
"TCGE-01-0063-17-A",0.724144502039484,-7.82198224753736,"Normal"
"TCGE-01-0064-17-A",2.45402856491799,-10.0454268053907,"Normal"
"TCGE-01-0065-17-A",0.178698310071846,-7.08801865161005,"Normal"
"TCGE-01-0066-17-A",3.69405299064169,-5.16435583391452,"Normal"
"TCGE-01-0067-17-A",2.27101904056973,-7.12264452823888,"Normal"
"TCGE-01-0068-17-A",3.8425306216407,-5.95022541325631,"Normal"
"TCGE-01-0069-17-A",2.27299565117595,-3.81675579078025,"Normal"
"TCGE-01-0007-17-A",-1.06800937498102,-7.54858191293037,"Normal"
"TCGE-01-0070-17-A",2.70615521334949,-7.69761818803482,"Normal"
"TCGE-01-0071-17-A",0.560382274410871,-8.2942773278932,"Normal"
"TCGE-01-0072-17-A",-1.5113942413287,-7.7702481467437,"Normal"
"TCGE-01-0073-17-A",0.363675429547994,-8.92928070925139,"Normal"
"TCGE-01-0074-17-A",3.62083128258263,-5.28175450960151,"Normal"
"TCGE-01-0075-17-A",1.6989333932133,-5.29697812296749,"Normal"
"TCGE-01-0076-17-A",-0.338843211015032,-7.43200417893805,"Normal"
"TCGE-01-0077-17-A",-1.25187099862364,-6.75309453429888,"Normal"
"TCGE-01-0079-17-A",2.49856602617642,-7.91406604489651,"Normal"
"TCGE-01-0008-17-A",2.28445766140845,-6.72993242867529,"Normal"
"TCGE-01-0080-17-A",-0.274943820324589,-7.4950312314317,"Normal"
"TCGE-01-0081-17-A",-0.0289871437918567,-7.48246825127305,"Normal"
"TCGE-01-0082-17-A",-0.264526817272332,-6.09816398657901,"Normal"
"TCGE-01-0083-17-A",0.434257501299655,-8.07700333221101,"Normal"
"TCGE-01-0084-17-A",2.93317943499904,-7.11526753561588,"Normal"
"TCGE-01-0085-17-A",-0.734874045113179,-5.68732322670198,"Normal"
"TCGE-01-0086-17-A",2.13075675278111,-8.01804792249563,"Normal"
"TCGE-01-0009-17-A",1.06424977110877,-4.61619491812801,"Normal"
"TCGE-01-0087-30-A",-4.85094323424638,5.32130264538214,"Lung Cancer"
"TCGE-01-0096-30-A",-4.71201723221314,7.4675485477329,"Lung Cancer"
"TCGE-01-0097-30-A",4.38623250040687,7.20350695004812,"Lung Cancer"
"TCGE-01-0098-30-A",4.19780053177595,7.08589731760695,"Lung Cancer"
"TCGE-01-0099-30-A",2.76503949152595,6.58023458097101,"Lung Cancer"
"TCGE-01-0100-30-A",5.87608964937666,6.81683996756832,"Lung Cancer"
"TCGE-01-0101-30-A",3.66530976516857,5.25368164295044,"Lung Cancer"
"TCGE-01-0102-30-A",4.60885604737643,5.45370098091842,"Lung Cancer"
"TCGE-01-0103-30-A",5.58920119033487,6.31834451239854,"Lung Cancer"
"TCGE-01-0104-30-A",-3.8858958911625,2.47798228705508,"Lung Cancer"
"TCGE-01-0105-30-A",-4.46964138798286,4.60984340262721,"Lung Cancer"
"TCGE-01-0088-30-A",3.68145765521056,5.18419475237543,"Lung Cancer"
"TCGE-01-0106-30-A",1.80730002316512,-10.2483617316273,"Lung Cancer"
"TCGE-01-0107-30-A",-5.31550291871965,2.08164048187528,"Lung Cancer"
"TCGE-01-0108-30-A",2.85150780540381,7.43057199247012,"Lung Cancer"
"TCGE-01-0109-30-A",0.844950176052967,8.21973664980848,"Lung Cancer"
"TCGE-01-0110-30-A",-0.356063064130963,7.94194429424303,"Lung Cancer"
"TCGE-01-0111-30-A",-2.11365646323406,2.98493802319116,"Lung Cancer"
"TCGE-01-0334-30-A",-5.33531636608386,6.12785187888065,"Lung Cancer"
"TCGE-01-0335-30-A",-2.74449507919549,7.14134127154146,"Lung Cancer"
"TCGE-01-0336-30-A",1.21172133367474,7.18070298106746,"Lung Cancer"
"TCGE-01-0337-30-A",-4.64186754643746,6.95978698293167,"Lung Cancer"
"TCGE-01-0089-30-A",-4.40606943194103,2.92774246466353,"Lung Cancer"
"TCGE-01-0338-30-A",4.25509871915613,6.34538614357818,"Lung Cancer"
"TCGE-01-0339-30-A",-2.57012747599217,8.1402982969373,"Lung Cancer"
"TCGE-01-0340-30-A",5.56075527766356,4.64611572702562,"Lung Cancer"
"TCGE-01-0341-30-A",6.37995182743408,6.33760001469155,"Lung Cancer"
"TCGE-01-0342-30-A",-5.52049913952449,3.30436889308226,"Lung Cancer"
"TCGE-01-0343-30-A",-6.34805222537377,-0.030783023632813,"Lung Cancer"
"TCGE-01-0344-30-A",-4.25954824425576,3.5048642743065,"Lung Cancer"
"TCGE-01-0345-30-A",-2.0398109214703,8.60491785263103,"Lung Cancer"
"TCGE-01-0346-30-A",-4.76722092278166,3.28780834204536,"Lung Cancer"
"TCGE-01-0347-30-A",-5.52698301090172,2.69230213347874,"Lung Cancer"
"TCGE-01-0090-30-A",-3.72558872491058,7.97825489411339,"Lung Cancer"
"TCGE-01-0348-30-A",-6.17695376940194,2.95511077170698,"Lung Cancer"
"TCGE-01-0349-30-A",-6.49428698835932,0.801368093211125,"Lung Cancer"
"TCGE-01-0350-30-A",5.31084173161215,4.8665691541094,"Lung Cancer"
"TCGE-01-0351-30-A",6.2826174978768,6.00368363480968,"Lung Cancer"
"TCGE-01-0352-30-A",5.472163118842,2.88662750526388,"Lung Cancer"
"TCGE-01-0353-30-A",3.70929389012111,3.37654224995623,"Lung Cancer"
"TCGE-01-0354-30-A",-2.19011403677834,6.9620551057208,"Lung Cancer"
"TCGE-01-0355-30-A",-2.99838960510646,8.85014468281236,"Lung Cancer"
"TCGE-01-0356-30-A",-5.04233815105149,5.78737062101287,"Lung Cancer"
"TCGE-01-0357-30-A",5.58348189918786,3.09298202495175,"Lung Cancer"
"TCGE-01-0091-30-A",-5.60332151584088,-0.39192685642278,"Lung Cancer"
"TCGE-01-0358-30-A",5.46611765303478,6.42275656005903,"Lung Cancer"
"TCGE-01-0359-30-A",-4.19196384163233,6.39128543210153,"Lung Cancer"
"TCGE-01-0360-30-A",0.319463634195126,8.62298288215237,"Lung Cancer"
"TCGE-01-0361-30-A",-0.625931590954189,5.8032442778181,"Lung Cancer"
"TCGE-01-0362-30-A",-5.2467573664598,1.10065641781272,"Lung Cancer"
"TCGE-01-0364-30-A",6.04394797304508,5.39660002411732,"Lung Cancer"
"TCGE-01-0365-30-A",-5.49749472337698,0.62039138424017,"Lung Cancer"
"TCGE-01-0366-30-A",-5.75666647675275,0.449815897957602,"Lung Cancer"
"TCGE-01-0367-30-A",3.61977436410382,4.04443835587328,"Lung Cancer"
"TCGE-01-0092-30-A",5.57664467271654,3.58262456548635,"Lung Cancer"
"TCGE-01-0369-30-A",-3.05926697771137,8.56399519552743,"Lung Cancer"
"TCGE-01-0370-30-A",-5.10867531487892,6.52751010416752,"Lung Cancer"
"TCGE-01-0371-30-A",3.99231444088193,3.71710488067698,"Lung Cancer"
"TCGE-01-0372-30-A",-5.43415197788196,6.05474164370659,"Lung Cancer"
"TCGE-01-0373-30-A",-4.9938857049001,2.40425478125369,"Lung Cancer"
"TCGE-01-0374-30-A",-4.83126791998437,2.87264485550164,"Lung Cancer"
"TCGE-01-0375-30-A",-5.84636627734785,0.235698736448429,"Lung Cancer"
"TCGE-01-0376-30-A",0.23607399952212,6.22559387504687,"Lung Cancer"
"TCGE-01-0377-30-A",5.92418657820179,4.42347480937475,"Lung Cancer"
"TCGE-01-0093-30-A",4.33915560807647,2.75176252465014,"Lung Cancer"
"TCGE-01-0378-30-A",-2.59028939503591,-4.64580380151599,"Lung Cancer"
"TCGE-01-0379-30-A",5.01884685768748,4.27219662591245,"Lung Cancer"
"TCGE-01-0380-30-A",6.03554334603234,6.5597263818756,"Lung Cancer"
"TCGE-01-0381-30-A",-2.41030870691985,3.77090678177494,"Lung Cancer"
"TCGE-01-0382-30-A",4.11775895606202,3.06932644814949,"Lung Cancer"
"TCGE-01-0383-30-A",-2.38035746961559,7.32562300756513,"Lung Cancer"
"TCGE-01-0384-30-A",4.6317719692754,4.30495201085144,"Lung Cancer"
"TCGE-01-0385-30-A",-3.84027122271329,3.01542497132014,"Lung Cancer"
"TCGE-01-0386-30-A",3.37302259473523,7.77508761381671,"Lung Cancer"
"TCGE-01-0094-30-A",-3.19764761220557,5.7081486603857,"Lung Cancer"
"TCGE-01-0388-30-A",-4.1224003887137,4.03749174814485,"Lung Cancer"
"TCGE-01-0095-30-A",-1.53470253905807,4.78179120013825,"Lung Cancer"
"TCGE-01-0275-30-A",-2.44870576845665,-7.25198604263206,"Pancreatic Cancer"
"TCGE-01-0284-30-A",1.66733104029464,-3.45400736304169,"Pancreatic Cancer"
"TCGE-01-0285-30-A",-3.8119664036246,-7.12909491723216,"Pancreatic Cancer"
"TCGE-01-0286-30-A",2.72173444921766,-9.3703691911694,"Pancreatic Cancer"
"TCGE-01-0287-30-A",-4.31842188996542,-7.72375992902943,"Pancreatic Cancer"
"TCGE-01-0288-30-A",-4.70128114782687,-7.64144125066496,"Pancreatic Cancer"
"TCGE-01-0289-30-A",0.258363033907825,-9.24992718908526,"Pancreatic Cancer"
"TCGE-01-0290-30-A",1.78853386137573,-7.97977657599466,"Pancreatic Cancer"
"TCGE-01-0291-30-A",-0.518367364143336,-7.99247144654196,"Pancreatic Cancer"
"TCGE-01-0292-30-A",1.16655816357178,-6.52808687490705,"Pancreatic Cancer"
"TCGE-01-0293-30-A",-0.956837592613017,-6.39372803747405,"Pancreatic Cancer"
"TCGE-01-0276-30-A",-0.947058672071613,-5.07458567974053,"Pancreatic Cancer"
"TCGE-01-0294-30-A",-1.57829588364743,-6.80632066036618,"Pancreatic Cancer"
"TCGE-01-0295-30-A",1.84550055704677,-3.57027012505811,"Pancreatic Cancer"
"TCGE-01-0296-30-A",-2.04297746852494,-5.61073054520661,"Pancreatic Cancer"
"TCGE-01-0297-30-A",1.99837345274818,-6.5378376801251,"Pancreatic Cancer"
"TCGE-01-0298-30-A",0.460672963433798,-4.95080624473461,"Pancreatic Cancer"
"TCGE-01-0228-30-A",0.472896477589294,-6.72417611731322,"Pancreatic Cancer"
"TCGE-01-0229-30-A",0.989544006197639,-10.0651016633268,"Pancreatic Cancer"
"TCGE-01-0230-30-A",-1.15110396148531,-5.27984207581908,"Pancreatic Cancer"
"TCGE-01-0231-30-A",0.205343355621434,-5.5437304809246,"Pancreatic Cancer"
"TCGE-01-0232-30-A",0.484711349395868,-9.60205189265191,"Pancreatic Cancer"
"TCGE-01-0277-30-A",-4.88558192600389,-7.81916863592946,"Pancreatic Cancer"
"TCGE-01-0233-30-A",3.22772190764786,-6.47930352848831,"Pancreatic Cancer"
"TCGE-01-0234-30-A",-1.7097227976301,-6.63276057393267,"Pancreatic Cancer"
"TCGE-01-0235-30-A",3.84730274258815,-4.25591259296601,"Pancreatic Cancer"
"TCGE-01-0236-30-A",-1.07340050492732,-8.52058879082963,"Pancreatic Cancer"
"TCGE-01-0237-30-A",0.443764651867715,-7.92507330405845,"Pancreatic Cancer"
"TCGE-01-0238-30-A",-2.7763787726014,-5.5416609666578,"Pancreatic Cancer"
"TCGE-01-0239-30-A",-1.87186640986831,-6.25501728766256,"Pancreatic Cancer"
"TCGE-01-0240-30-A",-1.60828385729607,-6.86684815413732,"Pancreatic Cancer"
"TCGE-01-0241-30-A",5.06575453930376,-4.28040390362653,"Pancreatic Cancer"
"TCGE-01-0242-30-A",1.24647700175619,-6.47072910310404,"Pancreatic Cancer"
"TCGE-01-0278-30-A",4.61448697904119,-4.39807827775434,"Pancreatic Cancer"
"TCGE-01-0243-30-A",0.201656815455347,-4.28158005930319,"Pancreatic Cancer"
"TCGE-01-0244-30-A",-2.78627236020193,-7.45226993003627,"Pancreatic Cancer"
"TCGE-01-0245-30-A",4.2691830414074,-5.56576469023205,"Pancreatic Cancer"
"TCGE-01-0246-30-A",2.76418404781322,-6.78493580256841,"Pancreatic Cancer"
"TCGE-01-0247-30-A",0.880250107713309,-6.78601130168152,"Pancreatic Cancer"
"TCGE-01-0248-30-A",-3.43569930181679,-7.02027776003209,"Pancreatic Cancer"
"TCGE-01-0249-30-A",-2.70029563071921,-6.14966889512509,"Pancreatic Cancer"
"TCGE-01-0250-30-A",-2.96933008144277,-7.74094447369566,"Pancreatic Cancer"
"TCGE-01-0251-30-A",4.3473933846083,-6.87111130922071,"Pancreatic Cancer"
"TCGE-01-0252-30-A",-2.13763054339107,-5.21677057395265,"Pancreatic Cancer"
"TCGE-01-0279-30-A",-5.13157302587956,-8.05025357222006,"Pancreatic Cancer"
"TCGE-01-0253-30-A",1.89126951461442,-6.7982879694616,"Pancreatic Cancer"
"TCGE-01-0254-30-A",0.647937653428284,-5.4080255343001,"Pancreatic Cancer"
"TCGE-01-0255-30-A",-0.804255400529813,-8.26690113716662,"Pancreatic Cancer"
"TCGE-01-0256-30-A",0.840834582897019,-8.28601444045044,"Pancreatic Cancer"
"TCGE-01-0257-30-A",-2.06863315801781,-0.713626705819314,"Pancreatic Cancer"
"TCGE-01-0258-30-A",-1.28223264189891,-6.00495855119119,"Pancreatic Cancer"
"TCGE-01-0259-30-A",-1.08725205580904,-5.22465432742067,"Pancreatic Cancer"
"TCGE-01-0260-30-A",-0.659839925212389,-4.65645644093198,"Pancreatic Cancer"
"TCGE-01-0261-30-A",-0.271469479054077,-4.26431182402837,"Pancreatic Cancer"
"TCGE-01-0262-30-A",1.87613476378617,-9.3287299112693,"Pancreatic Cancer"
"TCGE-01-0280-30-A",-1.71417125180895,-8.09015982538952,"Pancreatic Cancer"
"TCGE-01-0263-30-A",-3.41689847353578,-6.12076049454307,"Pancreatic Cancer"
"TCGE-01-0264-30-A",-1.6127284842293,-3.92968735437734,"Pancreatic Cancer"
"TCGE-01-0265-30-A",0.488182849060746,-9.00394227244117,"Pancreatic Cancer"
"TCGE-01-0266-30-A",3.11377145804165,-4.43048558185038,"Pancreatic Cancer"
"TCGE-01-0267-30-A",1.1897381568334,-9.27209926275323,"Pancreatic Cancer"
"TCGE-01-0268-30-A",2.67829137377094,-7.50971471112674,"Pancreatic Cancer"
"TCGE-01-0269-30-A",-1.69311839853641,-2.2676596410896,"Pancreatic Cancer"
"TCGE-01-0270-30-A",-3.22282302702886,-7.61131311416349,"Pancreatic Cancer"
"TCGE-01-0271-30-A",-1.7269942777799,-5.85050684713415,"Pancreatic Cancer"
"TCGE-01-0272-30-A",0.686625723334257,-5.74533698170782,"Pancreatic Cancer"
"TCGE-01-0281-30-A",0.924628624933347,-4.32696875072665,"Pancreatic Cancer"
"TCGE-01-0273-30-A",-1.84336102366265,-5.92538293219595,"Pancreatic Cancer"
"TCGE-01-0274-30-A",1.4341021078525,-9.51064086111051,"Pancreatic Cancer"
"TCGE-01-0282-30-A",1.50919175471221,-5.53238994657876,"Pancreatic Cancer"
"TCGE-01-0283-30-A",-1.28486819556254,-5.79092984775425,"Pancreatic Cancer"
"TCGE-01-0207-30-A",-2.34102348835832,8.86777626758279,"Renal Cancer"
"TCGE-01-0195-30-A",0.0670790420303911,8.45862915341507,"Renal Cancer"
"TCGE-01-0196-30-A",3.84101110336541,3.71423590346729,"Renal Cancer"
"TCGE-01-0197-30-A",0.0944293952115156,7.48107274056933,"Renal Cancer"
"TCGE-01-0198-30-A",3.46124059282975,7.58750104892732,"Renal Cancer"
"TCGE-01-0199-30-A",4.43763256260289,7.78836923746029,"Renal Cancer"
"TCGE-01-0200-30-A",3.58245640790151,6.47031109412988,"Renal Cancer"
"TCGE-01-0201-30-A",0.0528217600548626,8.70944996628386,"Renal Cancer"
"TCGE-01-0202-30-A",0.432383853464854,8.0733164870479,"Renal Cancer"
"TCGE-01-0203-30-A",4.59499343867674,3.43698783673721,"Renal Cancer"
"TCGE-01-0204-30-A",2.90103673752774,8.3303216894479,"Renal Cancer"
"TCGE-01-0188-30-A",-0.739784021197485,6.77288427952226,"Renal Cancer"
"TCGE-01-0206-30-A",3.35455816333979,3.18088933288949,"Renal Cancer"
"TCGE-01-0205-30-A",4.40650085368949,7.99051217901166,"Renal Cancer"
"TCGE-01-0189-30-A",3.26807622545577,3.35703449209572,"Renal Cancer"
"TCGE-01-0190-30-A",2.90657286200821,8.45634144027857,"Renal Cancer"
"TCGE-01-0191-30-A",0.923340555960761,8.47636236610415,"Renal Cancer"
"TCGE-01-0192-30-A",4.02122336024639,4.48792517300586,"Renal Cancer"
"TCGE-01-0193-30-A",4.54592967131974,3.64361543164301,"Renal Cancer"
"TCGE-01-0194-30-A",1.63888884965925,8.23762607208522,"Renal Cancer"
